accountName,weekEnding,organicVisits,paidSearchCost,displayCost,premiumDisplayCost,remarketingCost
peacefulCamel,06/29/14,393.0517612,2028.641127,359.5523677,656.8023215,154.1954644
peacefulCamel,07/06/14,454.9446948,1999.601169,316.1090024,372.5295942,145.8029345
peacefulCamel,07/13/14,469.0997492,1952.352549,317.293961,166.15642,90.64957034
peacefulCamel,07/20/14,451.9447111,1852.874326,206.6246664,163.0037352,41.92383076
peacefulCamel,07/27/14,441.9615227,1929.553346,292.0925801,168.9559723,182.3818344
peacefulCamel,08/03/14,442.0778765,1937.570714,284.3119093,174.868368,150.4159347
peacefulCamel,08/10/14,531.9430525,1934.357365,273.1555396,176.3033743,145.1859705
peacefulCamel,08/17/14,514.9251132,1824.218928,656.0192963,996.0846231,146.1466349
peacefulCamel,08/24/14,463.9260232,1992.632363,320.1047269,300.502491,152.9585507
peacefulCamel,08/31/14,524.09847,1945.665099,293.2218437,579.1472834,154.1948028
peacefulCamel,09/07/14,532.0590356,2112.79169,327.4677225,400.4595037,149.2004858
peacefulCamel,09/14/14,537.0330048,1915.761486,251.8109626,1.308055414,125.7680857
peacefulCamel,09/21/14,456.0938171,1970.135241,317.3440657,143.8474709,170.4026851
peacefulCamel,09/28/14,519.0395746,1960.908036,306.6348787,191.0473004,149.5536585
peacefulCamel,10/05/14,589.0050386,2056.100464,306.6576546,186.072405,148.7707502
peacefulCamel,10/12/14,478.9089658,2052.294898,412.6882934,179.3578525,150.0636747
peacefulCamel,10/19/14,564.9989215,1393.696144,335.4371554,183.4079852,146.7506489
peacefulCamel,10/26/14,558.9668055,2053.758828,340.2545835,178.9060888,150.0411555
peacefulCamel,11/02/14,409.9353534,1904.274777,339.5726438,167.9125068,150.921338
peacefulCamel,11/09/14,361.9818599,2002.55781,340.0876154,205.7358268,149.8434311
peacefulCamel,11/16/14,545.0107254,1064.540209,197.413293,203.5977267,129.2093819
peacefulCamel,11/23/14,546.9633499,1730.012358,210.0673461,194.5916606,164.0824148
peacefulCamel,11/30/14,592.9623833,1797.118455,233.3127709,195.9272353,112.9782347
peacefulCamel,12/07/14,590.097669,1766.90512,233.9432475,190.3521538,194.4782711
peacefulCamel,12/14/14,583.9679505,1760.507956,243.5778953,205.6756243,141.3326137
peacefulCamel,12/21/14,645.9834903,1460.006463,227.6034485,195.6901583,117.3793066
peacefulCamel,12/28/14,595.9754153,1849.300153,225.5257197,189.0069608,140.4790698
peacefulCamel,01/04/15,579.0361925,1787.729416,228.1298998,177.2645048,150.1441141
peacefulCamel,01/11/15,665.0064785,1690.720819,269.6590386,178.2362897,104.7010334
peacefulCamel,01/18/15,611.9937252,1356.42329,232.3394217,196.9006904,109.7553394
peacefulCamel,01/25/15,576.0159385,1908.096328,250.385248,228.7252386,138.0040134
peacefulCamel,02/01/15,638.9570333,1846.374586,251.788104,166.4137757,136.2667767
peacefulCamel,02/08/15,744.0845556,1791.955081,260.4478582,248.1573254,134.279549
peacefulCamel,02/15/15,814.994426,1560.168667,258.668166,158.1929535,91.42809797
peacefulCamel,02/22/15,708.9273338,1723.806104,332.834944,5.077274774,128.4671948
peacefulCamel,03/01/15,637.0949806,1533.523654,361.5206984,0,83.2007521
peacefulCamel,03/08/15,723.9847803,1498.280907,194.9906972,0,83.68882202
peacefulCamel,03/15/15,686.9359578,1297.498456,538.7878331,0,88.42959944
peacefulCamel,03/22/15,866.9782988,1219.470152,411.9109699,54.46554907,37.41816654
peacefulCamel,03/29/15,695.0680811,1723.944478,201.3562977,109.4692864,61.20446948
peacefulCamel,04/05/15,643.9582529,1516.14751,97.07210906,313.8588238,30.88870605
peacefulCamel,04/12/15,690.958363,1468.824351,356.1127683,197.6404251,56.91846758
peacefulCamel,04/19/15,656.0969669,1371.438799,241.5697916,141.977031,21.37152612
peacefulCamel,04/26/15,713.0079606,1228.149388,438.6022613,0,44.60274728
peacefulCamel,05/03/15,709.0297574,1885.370201,492.7845892,0,52.08622209
peacefulCamel,05/10/15,710.0068474,1850.167565,644.2583882,0,40.07519234
peacefulCamel,05/17/15,689.9821066,1860.362499,235.7814934,0,46.30859716
peacefulCamel,05/24/15,703.9896925,1605.772872,220.4625674,0,42.23750106
peacefulCamel,05/31/15,708.0232812,1592.337608,220.8798644,0,39.7806201
peacefulCamel,06/07/15,655.0778226,1513.638983,300.4997984,90.89188397,55.95806641
peacefulCamel,06/14/15,712.964277,1466.361456,218.4305714,226.7770555,41.03021161
peacefulCamel,06/21/15,668.9995982,1546.577307,218.9823865,162.1786196,43.61869054
peacefulCamel,06/28/15,650.9432727,1567.779852,223.6143072,195.777124,46.63638806
peacefulCamel,07/05/15,723.0094037,1463.713035,219.6124344,190.2187009,43.20531167
peacefulCamel,07/12/15,842.0888166,1339.520659,191.2114662,90.21167143,57.98515341
peacefulCamel,07/19/15,721.9917885,1190.972998,225.0774852,0,17.58279377
peacefulCamel,07/26/15,663.9166592,1807.26457,206.2909708,0,36.45917113
peacefulCamel,08/02/15,694.0991727,1652.593289,240.6687752,0,36.97299876
peacefulCamel,08/09/15,704.0989212,1510.255704,246.7734809,0,35.74773592
peacefulCamel,08/16/15,780.9952082,1934.567769,231.602111,0,16.67267415
peacefulCamel,08/23/15,667.9615605,2171.801792,179.985739,0,21.68212335
peacefulCamel,08/30/15,674.9197345,1976.297591,248.841365,0,41.63716848
peacefulCamel,09/06/15,745.0533316,2444.629515,283.0469466,0,27.29023679
peacefulCamel,09/13/15,771.0045439,3365.084392,557.8097104,0,71.89741283
peacefulCamel,09/20/15,706.0894475,3174.87879,461.5059376,0,66.81692837
peacefulCamel,09/27/15,718.975797,2805.693277,340.6115361,0,52.55305728
peacefulCamel,10/04/15,761.9729665,2552.033798,342.6395015,0,52.73170767
peacefulCamel,10/11/15,761.0517108,2472.283155,335.149657,0,52.60502398
peacefulCamel,10/18/15,787.9924558,1854.082567,328.4247348,0,49.59481413
peacefulCamel,10/25/15,819.0683051,2841.059631,265.2429901,0,52.69142803
peacefulCamel,11/01/15,926.0136328,2735.098542,363.2796707,0,52.39760393
peacefulCamel,11/08/15,914.9127243,2641.077758,368.3495184,0,48.67752852
peacefulCamel,11/15/15,914.0127757,2280.014885,346.7537978,0,53.69537384
peacefulCamel,11/22/15,963.0943036,2415.732776,251.2672938,0,120.904525
peacefulCamel,11/29/15,833.0565172,2960.023432,89.06880288,0,261.4143516
peacefulCamel,12/06/15,745.9472632,2811.940214,229.2537376,0,167.4744677
peacefulCamel,12/13/15,846.0708159,2517.616084,354.057796,0,198.5118418
peacefulCamel,12/20/15,764.9634082,1973.362929,204.494796,0,141.731693
peacefulCamel,12/27/15,708.9260282,2760.088593,147.9921611,0,70.53345384
peacefulCamel,01/03/16,659.0331977,2777.583053,156.4217684,0,157.0245565
peacefulCamel,01/10/16,769.0164574,2737.939333,267.6368753,0,417.4791257
peacefulCamel,01/17/16,787.9816738,1855.77229,184.8445442,0,201.9654412
peacefulCamel,01/24/16,695.0523467,2884.328639,200.123374,0,210.6019535
peacefulCamel,01/31/16,779.9717057,2846.878265,182.7722939,0,210.6541392
peacefulCamel,02/07/16,759.9895886,2916.156447,197.7310601,0,211.2873502
peacefulCamel,02/14/16,773.9634377,2285.595028,207.9819929,0,203.6146946
peacefulCamel,02/21/16,781.9116664,2306.866988,190.09139,0,205.369318
peacefulCamel,02/28/16,716.0556775,2741.933382,178.3717499,0,211.896092
peacefulCamel,03/06/16,793.076453,2666.567273,205.4488918,0,204.2561237
peacefulCamel,03/13/16,693.0626781,2388.515574,92.24109476,0,157.1181603
elatedBaboon,09/01/13,156.0047702,755.7211839,293.9226995,546.0754578,94.2317598
elatedBaboon,09/08/13,200.0506367,819.2767215,262.073297,314.6667464,71.48724045
elatedBaboon,09/15/13,218.9441865,886.1747533,118.5356771,183.945832,28.54210136
elatedBaboon,09/22/13,159.9903171,876.9917578,131.7082415,188.5645416,5.495553072
elatedBaboon,09/29/13,181.0618747,718.035217,268.8585935,138.4477369,63.61679889
elatedBaboon,10/06/13,187.0132999,824.1936365,277.733561,145.6076194,153.8018656
elatedBaboon,10/13/13,174.9914389,848.3145011,276.2943186,143.1524184,161.6095518
elatedBaboon,10/20/13,189.0152375,865.3972993,594.0133986,682.6877437,111.683109
elatedBaboon,10/27/13,226.9052091,894.1122468,286.5780612,289.563122,115.1961998
elatedBaboon,11/03/13,179.9929469,757.1095072,291.822343,697.342777,116.2226275
elatedBaboon,11/10/13,204.009651,962.4073856,212.3420263,368.3962111,89.83903499
elatedBaboon,11/17/13,218.9068202,1261.945118,352.3506156,0.95644108,139.0979627
elatedBaboon,11/24/13,152.9220014,1134.653432,279.7377509,0.591792422,113.2577065
elatedBaboon,12/01/13,208.9113262,1158.09352,278.7147175,0.016770147,111.7964765
elatedBaboon,12/08/13,227.9484381,1197.284159,277.4206218,0.032617126,104.1769319
elatedBaboon,12/15/13,237.0586941,1185.587737,277.4411727,0.028596178,107.8861712
elatedBaboon,12/22/13,249.938024,1163.70283,276.6295883,0,122.3082646
elatedBaboon,12/29/13,193.0842219,1195.178502,276.6381753,0,111.8435952
elatedBaboon,01/05/14,215.0121017,1145.981115,278.100473,0,110.8833636
elatedBaboon,01/12/14,157.0106676,1260.616161,279.0794051,0,112.2355958
elatedBaboon,01/19/14,228.076859,1322.850926,277.4719188,0,112.1309854
elatedBaboon,01/26/14,216.9194787,1264.717065,288.779424,0,112.3174047
elatedBaboon,02/02/14,154.0209894,1256.276789,285.5417864,0,103.729357
elatedBaboon,02/09/14,168.0616661,1274.921743,289.3291138,0,129.2286345
elatedBaboon,02/16/14,248.9849133,1224.910639,283.2986878,0,109.9171668
elatedBaboon,02/23/14,265.9588489,1214.781103,262.2310995,0,101.1419023
elatedBaboon,03/02/14,202.0994845,1278.080003,272.2595693,0,106.3074766
elatedBaboon,03/09/14,253.9321387,1310.713979,276.017946,0,70.99926954
elatedBaboon,03/16/14,254.0998117,1252.746404,311.7756813,0,123.6207415
elatedBaboon,03/23/14,236.023935,1001.723174,300.5840223,0,83.08379157
elatedBaboon,03/30/14,212.0737644,1208.133205,299.0368941,0,106.827324
elatedBaboon,04/06/14,236.9410263,1192.682516,301.0597023,0,103.2766221
elatedBaboon,04/13/14,214.9304317,1331.457097,314.6648639,0,83.98031749
elatedBaboon,04/20/14,205.9478416,1385.284831,294.772114,0,111.401057
elatedBaboon,04/27/14,251.9532346,1203.215566,290.9324478,0,91.86960933
elatedBaboon,05/04/14,235.9835477,1287.872364,490.8273149,0,113.3971548
elatedBaboon,05/11/14,194.9904148,1374.528633,266.9680224,0,95.12014989
elatedBaboon,05/18/14,175.9639211,1199.322038,263.087703,0,91.9892592
elatedBaboon,05/25/14,204.9745747,1212.516994,385.0644847,0,57.49334029
elatedBaboon,06/01/14,196.0823615,1365.166663,318.268194,0,70.93598373
elatedBaboon,06/08/14,245.9527174,1332.198137,324.9801279,0,34.90071346
elatedBaboon,06/15/14,188.9534447,1321.421156,380.2902814,0,53.84740141
elatedBaboon,06/22/14,223.0951872,1138.753076,341.734034,0,30.70137818
elatedBaboon,06/29/14,262.0979938,1037.943961,374.3999687,0,54.06189091
elatedBaboon,07/06/14,216.979228,1443.125373,277.0459707,0,54.43555058
elatedBaboon,07/13/14,229.9879831,1306.78015,0,0,54.47027703
elatedBaboon,07/20/14,217.0494104,1169.583092,141.4035189,0,35.19203949
elatedBaboon,07/27/14,221.0757701,1206.217516,172.8456201,0,48.49419745
elatedBaboon,08/03/14,274.9700236,1219.485375,168.4992097,0,47.94162139
elatedBaboon,08/10/14,323.0490871,1127.337371,178.0638819,0,40.9084557
elatedBaboon,08/17/14,337.9526683,1056.089207,175.1967988,0,64.53799625
elatedBaboon,08/24/14,309.0199563,1079.913595,174.4365459,0,44.66929673
elatedBaboon,08/31/14,270.9385248,1296.136815,176.6631532,0,45.57381122
elatedBaboon,09/07/14,305.0182227,1225.473516,176.2638698,0,44.1944338
elatedBaboon,09/14/14,304.9751727,1105.264055,123.6126359,0,106.0126961
elatedBaboon,09/21/14,314.9335734,972.0505672,139.7534878,0,137.3258516
elatedBaboon,09/28/14,332.927125,1412.072513,163.6578207,0,101.0782226
elatedBaboon,10/05/14,402.9092406,1279.543998,187.5594208,0,96.22633665
elatedBaboon,10/12/14,412.0944922,1155.520077,215.1472305,0,92.03450947
elatedBaboon,10/19/14,403.0040995,773.877427,194.2501248,0,100.8903842
elatedBaboon,10/26/14,350.9673086,1182.682457,146.5531031,0,75.27865266
elatedBaboon,11/02/14,333.9123394,1314.418264,183.1143424,0,114.1448596
elatedBaboon,11/09/14,311.0399377,1226.800283,286.3443626,0,64.95118052
elatedBaboon,11/16/14,318.0372001,1107.147826,239.7744653,0,79.95311469
elatedBaboon,11/23/14,356.9615066,721.3838583,233.9250342,0,86.14044949
elatedBaboon,11/30/14,328.0617404,1385.543267,202.3013623,0,79.21627828
elatedBaboon,12/07/14,374.9407243,1293.79754,211.626873,0,78.71834893
elatedBaboon,12/14/14,324.9564051,1173.60587,210.0688749,0,79.61007484
elatedBaboon,12/21/14,387.9101503,552.700422,184.2923151,0,76.96081927
elatedBaboon,12/28/14,381.0256934,1433.189068,208.9150581,0,72.93887846
elatedBaboon,01/04/15,366.0685367,1313.300814,202.8782949,0,69.11364991
elatedBaboon,01/11/15,364.017834,1221.135704,137.3444434,0,96.41682423
elatedBaboon,01/18/15,381.9392373,865.0300388,334.4902537,0,44.22973101
elatedBaboon,01/25/15,349.9619913,1051.036401,143.5226881,0,88.16895977
elatedBaboon,02/01/15,307.9304358,1409.048242,135.0117565,0,133.2098707
elatedBaboon,02/08/15,338.9505475,1255.412923,200.0514356,0,80.92352155
elatedBaboon,02/15/15,345.032827,1103.677088,246.1528439,0,104.4147735
elatedBaboon,02/22/15,354.0498945,697.5940643,176.1130883,0,78.7441559
elatedBaboon,03/01/15,287.0426075,1346.777999,162.1860289,0,34.87279239
elatedBaboon,03/08/15,328.0699984,1279.165353,177.0622127,0,62.77929271
elatedBaboon,03/15/15,368.9705975,1124.224705,198.1390838,0,230.5962653
elatedBaboon,03/22/15,342.9928905,712.8748311,162.74176,0,102.1965643
elatedBaboon,03/29/15,308.9762755,1371.336097,195.6108327,0,107.2347573
elatedBaboon,04/05/15,345.9443901,1336.555625,169.8814032,0,107.7886458
elatedBaboon,04/12/15,381.0505035,1141.662762,191.4243816,0,107.8049308
elatedBaboon,04/19/15,458.0205813,1004.590719,187.541063,0,107.2768721
elatedBaboon,04/26/15,503.924689,1054.53436,171.8240089,0,97.392686
elatedBaboon,05/03/15,508.0487613,1116.589487,150.802837,0,109.4332703
elatedBaboon,05/10/15,460.9922589,1051.716043,214.458278,0,104.0134142
elatedBaboon,05/17/15,429.9260335,1035.828363,175.9872592,0,82.83934284
livelyDuck,12/01/13,468.0284473,721.7336405,172.591327,298.6895945,121.3781487
livelyDuck,12/08/13,490.0978178,665.4110549,104.7312246,153.6806349,96.24900752
livelyDuck,12/15/13,542.9275026,572.6109446,121.1891595,93.59534664,71.34845422
livelyDuck,12/22/13,550.0897082,503.2827114,154.146985,85.01604959,44.66862233
livelyDuck,12/29/13,501.0696313,706.1245569,119.1292617,78.25258554,159.6815998
livelyDuck,01/05/14,544.9503068,707.268823,90.23585139,72.71372814,135.6474683
livelyDuck,01/12/14,589.9677447,607.5160229,103.5121047,71.81647665,131.8855629
livelyDuck,01/19/14,651.9723762,449.7894142,242.7440435,345.6780764,133.4028138
livelyDuck,01/26/14,628.914828,768.3569809,124.3551146,132.4225629,137.941927
livelyDuck,02/02/14,628.0940264,735.3200687,109.1042709,302.1280608,135.4963219
livelyDuck,02/09/14,645.0483905,668.5838405,91.16708238,249.378042,130.0936919
livelyDuck,02/16/14,664.9246391,535.7481044,102.1487401,1.054521679,111.2303632
livelyDuck,02/23/14,633.0627955,596.9190736,158.0645349,55.99379952,147.3363082
livelyDuck,03/02/14,630.9516024,693.0245619,130.3915116,75.35372783,134.767431
livelyDuck,03/09/14,666.0755765,676.6358488,130.6013299,73.2562203,132.5196484
livelyDuck,03/16/14,641.0860992,684.9361907,131.7979591,69.60374572,130.1794248
livelyDuck,03/23/14,703.0731751,343.7350907,129.0840106,72.03020729,135.0282464
livelyDuck,03/30/14,596.0170573,733.3276048,130.0140213,71.39042671,131.7615936
livelyDuck,04/06/14,572.9063226,678.2095594,131.4581073,65.18624074,137.0381029
livelyDuck,04/13/14,534.9792457,669.9797163,130.8865416,72.05962775,123.2111767
livelyDuck,04/20/14,567.9482408,488.7398982,129.3030522,72.0027178,124.2792085
livelyDuck,04/27/14,548.0354397,651.3633382,134.7292927,85.88386744,140.681076
livelyDuck,05/04/14,712.0746618,707.494663,134.0249388,72.44390847,137.624368
livelyDuck,05/11/14,748.0542862,639.4184135,132.2107635,71.0290982,123.7234994
livelyDuck,05/18/14,755.0851614,633.8641645,138.481882,76.98471705,140.6139524
livelyDuck,05/25/14,733.907378,527.4019504,121.8629069,80.67145693,118.2151713
livelyDuck,06/01/14,694.9492139,849.1937887,126.3368155,85.13208544,129.2749949
livelyDuck,06/08/14,712.9247966,937.5917695,130.5601695,62.85890521,126.3145891
livelyDuck,06/15/14,695.9817584,891.7004859,157.9835205,63.74536054,95.4016148
livelyDuck,06/22/14,635.0904631,798.0952128,141.1182407,61.81279204,83.64722156
livelyDuck,06/29/14,622.0968031,931.3117507,140.79449,92.59467309,124.9943782
livelyDuck,07/06/14,686.9873901,947.3353136,137.0651035,66.01136571,121.023152
livelyDuck,07/13/14,775.994944,876.5722134,163.0654869,116.2786553,112.4329082
livelyDuck,07/20/14,668.9160899,790.1522378,143.8029881,105.8267837,124.4020675
livelyDuck,07/27/14,708.9873662,885.1211532,141.0974168,31.64081136,124.7368722
livelyDuck,08/03/14,686.9656315,865.4964208,167.0534282,27.8143891,130.0940958
livelyDuck,08/10/14,675.0410573,842.6001148,136.7610311,29.14568538,127.9124281
livelyDuck,08/17/14,574.0290317,759.7803289,152.3779344,40.56021928,118.2724943
livelyDuck,08/24/14,850.0268264,807.0739228,196.4833445,210.1566797,68.68323466
livelyDuck,08/31/14,694.947382,920.9377876,170.7758159,42.07120223,94.9933444
livelyDuck,09/07/14,715.0368413,851.7219597,164.9396243,127.9582523,54.26775004
livelyDuck,09/14/14,723.0832791,796.8209244,237.6183048,74.37512835,84.605987
livelyDuck,09/21/14,667.9523567,807.640232,205.3758985,57.78086152,51.70351635
livelyDuck,09/28/14,686.9304327,561.3166303,213.1466018,144.5317417,80.49744858
livelyDuck,10/05/14,701.032878,996.6572335,212.1370508,189.4294769,80.50194784
livelyDuck,10/12/14,736.073008,999.5109573,221.681878,295.2770144,81.79330693
livelyDuck,10/19/14,741.0082017,1003.256944,147.2632251,0.404370431,67.36463225
livelyDuck,10/26/14,742.0670868,895.2225573,193.3748606,0,73.18238999
livelyDuck,11/02/14,819.9301638,850.5168702,193.7629664,0,73.3970544
livelyDuck,11/09/14,760.0181121,800.6234603,151.9095504,71.86110351,61.59321565
livelyDuck,11/16/14,769.9765885,768.7740514,141.5409074,167.9109946,69.41883049
livelyDuck,11/23/14,668.0822643,765.6461656,183.9640164,128.8479968,61.16047487
livelyDuck,11/30/14,696.0973061,838.1960032,174.9815595,135.8799453,75.51076301
livelyDuck,12/07/14,737.0670853,793.8936037,181.8630201,146.0934823,67.86447338
livelyDuck,12/14/14,749.0298527,1074.913994,128.0468696,71.94586614,113.4514497
livelyDuck,12/21/14,690.9388132,1250.466999,213.6826792,0.14696959,149.4823136
livelyDuck,12/28/14,782.9819233,1252.234825,187.1375161,0,127.7193456
livelyDuck,01/04/15,926.0239941,1011.663444,162.077294,0,112.1607491
livelyDuck,01/11/15,987.9197851,1073.039384,220.7248985,0,165.2048511
livelyDuck,01/18/15,1009.079996,1043.317144,186.6189713,0,136.0383748
livelyDuck,01/25/15,929.9455771,1115.437189,137.1206044,0,99.42674457
livelyDuck,02/01/15,971.0081675,1095.137618,177.2764874,0,160.3025267
livelyDuck,02/08/15,1059.038978,1096.028479,298.5230315,0,86.08278239
livelyDuck,02/15/15,1076.082823,1030.180889,239.979577,0,114.2001493
livelyDuck,02/22/15,1018.052674,969.045804,229.5874232,0,110.4510251
livelyDuck,03/01/15,997.9591056,1153.689875,210.8997542,0,104.0828404
livelyDuck,03/08/15,1021.000546,1085.047396,212.3775258,0,104.0030792
livelyDuck,03/15/15,1165.96936,1029.619229,212.0159423,0,102.9992282
livelyDuck,03/22/15,1142.92162,668.0477271,206.9280016,0,101.9508151
livelyDuck,03/29/15,1156.91515,1239.475068,213.3860671,0,103.7911528
livelyDuck,04/05/15,1271.028346,1175.161691,211.976503,0,101.623884
livelyDuck,04/12/15,1312.921016,1076.974659,212.4704516,0,104.0352093
livelyDuck,04/19/15,1183.98275,904.0276892,213.8129635,0,106.3899336
livelyDuck,04/26/15,1169.960124,940.21593,199.8319125,0,133.1165203
livelyDuck,05/03/15,976.0026074,1263.235747,178.9254066,0,119.3596561
livelyDuck,05/10/15,958.9243265,1199.355128,176.9781965,0,152.6485262
livelyDuck,05/17/15,1008.913495,1010.69895,212.0366632,0,136.8231711
livelyDuck,05/24/15,965.0546842,681.4086346,186.4994873,0,88.80856335
livelyDuck,05/31/15,917.9762629,1221.664051,156.3202863,0,40.2318221
livelyDuck,06/07/15,1062.91127,1140.324722,165.5254229,0,156.5322616
livelyDuck,06/14/15,1032.0654,1096.60953,205.8546904,0,229.7308997
livelyDuck,06/21/15,1087.072033,729.9679371,185.5021276,0,132.9677676
livelyDuck,06/28/15,1049.064842,1262.103607,194.7340879,0,138.8559584
livelyDuck,07/05/15,938.9864327,1184.595163,185.3818069,0,139.0320718
livelyDuck,07/12/15,943.9661107,1110.232745,192.6169482,0,140.2024356
livelyDuck,07/19/15,912.0726545,929.7339511,184.4358564,0,137.1783992
livelyDuck,07/26/15,855.9996652,900.6851367,184.2284346,0,132.695128
livelyDuck,08/02/15,844.00816,1121.799914,180.9656812,0,132.4790432
livelyDuck,08/09/15,760.0046107,1086.914559,182.9704458,0,136.0534461
livelyDuck,08/16/15,659.9533796,939.2426744,182.7613592,0,106.3004881
happyAlpaca,03/23/14,66.07743668,291.006262,0,0,13.10596321
happyAlpaca,03/30/14,66.92630549,316.972387,0,0,17.1846889
happyAlpaca,04/06/14,92.09238743,279.6608102,0,0,10.27229596
happyAlpaca,04/13/14,74.91219353,222.6905679,0,0,6.235327453
happyAlpaca,04/20/14,70.07834001,299.8321305,48.67716881,0,36.30502005
happyAlpaca,04/27/14,67.02129281,252.0913716,35.37635264,0,44.55466087
happyAlpaca,05/04/14,70.92792162,279.7112132,31.49357398,0,32.72684055
happyAlpaca,05/11/14,72.0238799,219.6180995,35.02681912,0,32.55039033
happyAlpaca,05/18/14,82.0237701,279.9738604,35.32372426,0,34.82988331
happyAlpaca,05/25/14,74.91920214,286.4830833,35.32258383,0,32.14950096
happyAlpaca,06/01/14,66.00220193,267.2032945,34.67650171,0,37.33032742
happyAlpaca,06/08/14,79.92329557,283.1770432,34.39036015,0,34.32335971
happyAlpaca,06/15/14,45.90718352,273.4528707,33.80307965,0,32.13018581
happyAlpaca,06/22/14,73.04697521,280.8666167,33.81780304,0,34.56621741
happyAlpaca,06/29/14,100.0604504,285.6968812,33.84792201,0,34.17980275
happyAlpaca,07/06/14,86.09562832,304.8463748,33.63714528,0,32.74527895
happyAlpaca,07/13/14,101.052711,228.2938057,35.16802456,0,34.02567809
happyAlpaca,07/20/14,77.03773665,263.7373999,32.91610827,0,33.71908387
happyAlpaca,07/27/14,100.0053316,281.6566161,33.57360093,0,33.4969851
happyAlpaca,08/03/14,88.00856083,270.0200036,33.62170352,0,33.97616305
happyAlpaca,08/10/14,76.00368096,255.3478342,34.36652767,0,33.5137289
happyAlpaca,08/17/14,82.08303934,254.6605434,33.7987566,0,34.35921274
happyAlpaca,08/24/14,98.94163228,283.6729533,36.01128289,0,34.93517571
happyAlpaca,08/31/14,109.9668557,286.3952448,31.37819029,0,30.7277928
happyAlpaca,09/07/14,108.9350081,280.0141971,38.77714069,0,36.70209764
happyAlpaca,09/14/14,117.9900467,244.8533113,36.71284199,0,32.31728759
happyAlpaca,09/21/14,96.99331545,312.4855919,30.97037714,0,32.22786627
happyAlpaca,09/28/14,95.99470602,288.3141616,34.78155666,0,31.90789189
happyAlpaca,10/05/14,102.0526892,262.2601392,39.80466208,0,26.211578
happyAlpaca,10/12/14,106.9828753,239.1310726,43.60659755,0,31.58920007
happyAlpaca,10/19/14,94.97032762,299.1364305,36.8410287,0,31.67570876
happyAlpaca,10/26/14,130.9155204,308.7260089,39.71393735,0,32.08053212
happyAlpaca,11/02/14,147.9248125,298.7906839,37.88020901,0,31.9897498
happyAlpaca,11/09/14,124.0481908,239.3225442,34.38302809,0,31.80972476
happyAlpaca,11/16/14,113.076533,286.052401,49.22321204,0,29.5139525
happyAlpaca,11/23/14,84.94860069,270.967619,43.17747406,0,36.58195903
happyAlpaca,11/30/14,89.08144671,253.7449933,35.04828249,0,29.53431709
happyAlpaca,12/07/14,93.06764784,229.1639768,39.69656117,0,29.04710681
happyAlpaca,12/14/14,171.0610504,233.5187514,61.39280311,0,21.03930787
happyAlpaca,12/21/14,177.9739666,290.472782,43.09651661,0,24.39671019
happyAlpaca,12/28/14,144.019736,281.6066783,39.80556137,0,23.27433995
happyAlpaca,01/04/15,184.0202717,276.2295773,45.70831051,0,25.2070245
happyAlpaca,01/11/15,196.0381197,237.1195803,43.01995932,0,23.50579979
happyAlpaca,01/18/15,227.956686,247.8977415,42.52868103,0,20.15315909
happyAlpaca,01/25/15,190.979769,323.4311879,48.85469118,0,28.55336581
happyAlpaca,02/01/15,194.9927069,319.2672385,48.40705003,0,28.49249585
happyAlpaca,02/08/15,202.9718897,293.7263454,50.71394668,0,22.70432475
happyAlpaca,02/15/15,194.0094027,291.4516653,43.19802388,0,23.50188593
happyAlpaca,02/22/15,200.039174,323.1785957,42.98129863,0,24.59579202
happyAlpaca,03/01/15,182.0636189,274.9496948,42.99714754,0,21.98850218
happyAlpaca,03/08/15,207.9849336,271.1320638,40.41683846,0,20.54870879
happyAlpaca,03/15/15,201.9755693,255.0210388,44.95513702,0,18.85452539
happyAlpaca,03/22/15,195.082117,300.2862251,27.12824856,0,25.2055134
happyAlpaca,03/29/15,169.9716908,296.9265449,61.1797265,0,23.83744682
happyAlpaca,04/05/15,199.0513017,270.3705583,31.13854555,0,19.97584562
happyAlpaca,04/12/15,206.0463091,245.3482744,40.00212668,0,21.5818508
happyAlpaca,04/19/15,178.0696266,310.917866,39.28530444,0,21.75084584
happyAlpaca,04/26/15,217.9204102,316.4223406,45.18703226,0,23.37044578
happyAlpaca,05/03/15,226.9753569,312.6793768,48.55451465,0,21.51228689
happyAlpaca,05/10/15,190.047165,213.0546081,50.45384228,0,21.29031557
happyAlpaca,05/17/15,195.0636573,286.2858406,34.6943296,0,16.93584475
happyAlpaca,05/24/15,204.9459415,351.9267313,45.05896643,0,29.75786823
happyAlpaca,05/31/15,218.9437746,289.8110061,68.37723947,0,14.87855051
happyAlpaca,06/07/15,231.0876865,289.5742937,48.67544984,0,18.87948389
happyAlpaca,06/14/15,229.0763289,193.4856448,49.93898685,0,18.51491538
happyAlpaca,06/21/15,224.9616043,303.1096884,47.7054783,0,18.08381304
happyAlpaca,06/28/15,200.0532888,305.3526066,48.76160368,0,17.80959291
happyAlpaca,07/05/15,215.9184087,325.7201725,47.30642437,0,18.19921277
happyAlpaca,07/12/15,233.9172294,191.7860741,47.03689416,0,17.34287747
happyAlpaca,07/19/15,212.0224563,374.4696137,48.14604778,0,18.21592138
happyAlpaca,07/26/15,214.9064422,313.7348435,48.86051278,0,17.52418296
happyAlpaca,08/02/15,197.0143116,301.1104002,50.81709507,0,18.23902361
happyAlpaca,08/09/15,190.9878016,238.2807539,48.83603558,0,14.31100832
happyAlpaca,08/16/15,221.9307554,318.3948877,50.57967694,0,18.3415169
happyAlpaca,08/23/15,211.9680703,313.3032093,49.84557094,0,16.93706068
happyAlpaca,08/30/15,241.0092195,313.5055866,49.6602122,0,19.01572652
happyAlpaca,09/06/15,212.0782932,289.9119008,49.93595602,0,19.11186516
happyAlpaca,09/13/15,212.0928907,188.6190156,22.40231678,0,9.608365933
happyAlpaca,09/20/15,223.0993311,323.1466206,53.20859102,0,4.588892091
happyAlpaca,09/27/15,212.9753779,297.638016,47.81622759,0,7.97077648
happyAlpaca,10/04/15,177.9743254,288.0611219,50.26570395,0,44.37628322
happyAlpaca,10/11/15,196.9363829,173.0174542,48.8168334,0,17.85979708
happyAlpaca,10/18/15,203.9382486,335.4183402,50.8991351,0,18.37369851
happyAlpaca,10/25/15,178.917203,323.2231197,50.77460793,0,18.45290421
happyAlpaca,11/01/15,207.0619959,325.4723215,50.21823421,0,18.4485151
happyAlpaca,11/08/15,188.0096138,302.4518211,53.37901427,0,18.46784832
happyAlpaca,11/15/15,182.0040508,333.1021835,45.81582226,0,17.68177842
happyAlpaca,11/22/15,172.9862857,345.7613782,49.5018276,0,17.88796306
happyAlpaca,11/29/15,189.9215048,314.466774,48.82290123,0,17.88168477
happyAlpaca,12/06/15,191.0420003,277.7789551,48.62964246,0,18.0948939